,City,Country,Lat,Lon,Cloudiness,Date,Humidity,Max Temp,Wind Speed
0,barrow,AR,-38.31,-60.23,100.0,1570746655.1546607,61.0,59.76,6.39
0,avarua,CK,-21.21,-159.78,7.0,1570746655.6169226,60.0,75.2,12.75
0,hithadhoo,MV,-0.6,73.08,100.0,1570746656.152169,79.0,82.31,14.25
0,mataura,NZ,-46.19,168.86,100.0,1570746656.483061,87.0,44.01,11.01
0,saldanha,PT,41.42,-6.55,0.0,1570746656.8098943,51.0,58.41,2.26
0,busselton,AU,-33.64,115.35,86.0,1570746657.186336,80.0,62.01,8.23
0,bredasdorp,ZA,-34.53,20.04,97.0,1570746657.6972227,81.0,54.0,2.24
0,blind river,CA,46.19,-82.96,1.0,1570746658.1082423,67.0,62.6,11.41
0,ostrovnoy,RU,68.05,39.51,68.0,1570746658.4265292,89.0,31.95,14.81
0,abakaliki,NG,6.32,8.11,40.0,1570746658.9256232,100.0,77.0,3.36
0,bilma,NE,18.69,12.92,67.0,1570746659.2418861,20.0,87.8,7.63
0,punta arenas,CL,-53.16,-70.91,75.0,1570746659.5514722,86.0,33.8,27.51
0,knysna,ZA,-34.04,23.05,100.0,1570746659.8861442,87.0,50.0,3.36
0,mutare,MZ,-18.97,32.67,83.0,1570746660.2292356,78.0,68.41,7.33
0,hobyo,SO,5.35,48.53,2.0,1570746660.6263826,80.0,79.32,8.8
0,talcahuano,CL,-36.72,-73.12,100.0,1570746660.9559932,63.0,60.8,12.75
0,atuona,PF,-9.8,-139.03,0.0,1570746661.520238,67.0,79.05,9.9
0,dunedin,NZ,-45.87,170.5,100.0,1570746661.8531199,97.0,48.0,20.83
0,sola,TZ,-3.17,33.8,97.0,1570746662.1849124,65.0,70.68,6.35
0,ketchikan,US,55.34,-131.65,90.0,1570746662.5467582,76.0,51.8,16.11
0,esperance,AU,-33.86,121.89,90.0,1570746662.8947546,93.0,53.6,1.12
0,hauterive,CA,49.18,-68.27,1.0,1570746663.2986438,75.0,48.2,2.93
0,tucurui,BR,-3.77,-49.67,100.0,1570746663.6392543,73.0,80.1,1.89
0,havoysund,NO,71.0,24.66,75.0,1570746663.9900575,100.0,33.8,8.05
0,cap malheureux,MU,-19.98,57.61,75.0,1570746664.3366451,69.0,73.4,11.41
0,mahebourg,MU,-20.41,57.7,75.0,1570746664.856518,69.0,73.4,11.41
0,hobart,AU,-42.88,147.33,75.0,1570746665.3079455,61.0,51.01,6.93
0,khatanga,RU,71.98,102.47,51.0,1570746665.6159666,82.0,13.82,9.26
0,ushuaia,AR,-54.81,-68.31,90.0,1570746665.9269028,92.0,30.2,31.09
0,senanga,ZM,-16.1,23.3,100.0,1570746666.3140812,54.0,73.36,4.59
0,aripuana,BR,-9.17,-60.63,74.0,1570746666.8921635,92.0,73.69,0.61
0,acapulco,MX,16.86,-99.88,75.0,1570746667.220923,62.0,87.8,3.36
0,hualmay,PE,-11.1,-77.61,26.0,1570746667.5897963,85.0,57.09,1.5
0,canico,PT,32.63,-16.85,75.0,1570746667.9409308,68.0,69.8,5.82
0,tanout,NE,14.97,8.88,99.0,1570746668.4956944,48.0,82.85,4.33
0,taranagar,IN,28.67,75.04,0.0,1570746668.8122094,40.0,75.9,5.66
0,cidreira,BR,-30.17,-50.22,0.0,1570746669.1396365,80.0,69.48,16.31
0,islamkot,PK,24.7,70.18,0.0,1570746669.4750817,53.0,81.52,7.35
0,erzin,TR,36.95,36.2,40.0,1570746669.8848763,82.0,73.99,4.7
0,arraial do cabo,BR,-22.97,-42.02,75.0,1570746670.3261023,94.0,71.6,12.75
0,tigzirt,DZ,36.57,4.2,0.0,1570746670.7045407,50.0,63.59,4.56
0,mgandu,TZ,-5.96,34.11,12.0,1570746671.12232,83.0,63.16,9.57
0,saint george,GR,39.45,22.34,20.0,1570746671.4747193,93.0,62.6,1.36
0,kapaa,US,22.08,-159.32,1.0,1570746671.8132684,74.0,91.4,5.82
0,impfondo,CD,1.62,18.06,70.0,1570746672.2282338,92.0,70.97,1.03
0,mar del plata,AR,-46.43,-67.52,43.0,1570746672.5582361,74.0,44.01,8.86
0,pipirig,RO,47.23,26.08,96.0,1570746672.8876028,66.0,59.0,6.93
0,lasa,CY,34.92,32.53,20.0,1570746673.3069575,72.0,77.0,6.93
0,east london,ZA,-33.02,27.91,30.0,1570746673.6459196,70.0,60.21,14.04
0,tasiilaq,GL,65.61,-37.64,24.0,1570746673.9721637,74.0,33.8,6.93
0,qasigiannguit,GL,68.82,-51.19,20.0,1570746674.3254378,49.0,26.6,28.86
0,necochea,AR,-38.55,-58.74,100.0,1570746674.7315931,66.0,59.0,7.62
0,ust-maya,RU,60.42,134.54,100.0,1570746675.2877245,89.0,21.81,8.94
0,upernavik,GL,72.79,-56.15,98.0,1570746675.6101663,52.0,27.82,3.83
0,coihaique,CL,-45.58,-72.07,40.0,1570746675.9705262,93.0,53.6,8.05
0,castro,CL,-42.48,-73.76,90.0,1570746676.2921185,100.0,51.8,10.29
0,rikitea,PF,-23.12,-134.97,84.0,1570746676.617257,64.0,69.35,7.32
0,hilo,US,19.71,-155.08,84.0,1570746676.9328225,92.0,77.0,7.0
0,makakilo city,US,21.35,-158.09,75.0,1570746677.3386595,70.0,89.6,12.75
0,ancud,CL,-41.87,-73.83,90.0,1570746677.7067556,100.0,51.8,10.29
0,maygatasan,PH,8.71,125.72,100.0,1570746678.0827205,71.0,80.87,0.86
0,port shepstone,ZA,-30.74,30.45,96.0,1570746678.451996,81.0,56.34,4.23
0,thompson,CA,55.74,-97.86,75.0,1570746678.8328528,41.0,39.2,4.7
0,barra do bugres,BR,-15.07,-57.19,80.0,1570746679.5095427,64.0,80.17,4.83
0,vila franca do campo,PT,37.72,-25.43,40.0,1570746680.0228806,72.0,71.01,5.82
0,brigantine,US,39.41,-74.36,75.0,1570746680.4330015,37.0,69.8,14.99
0,saint-francois,FR,46.42,3.91,90.0,1570746680.94273,87.0,55.4,3.36
0,yellowknife,CA,62.45,-114.38,75.0,1570746681.4126894,69.0,39.2,6.93
0,cape town,ZA,-33.93,18.42,49.0,1570746681.744929,82.0,60.01,8.05
0,port elizabeth,US,39.31,-74.98,1.0,1570746682.0941348,33.0,72.0,13.87
0,albany,US,42.65,-73.75,20.0,1570746682.728758,42.0,64.4,9.17
0,vaini,IN,15.34,74.49,50.0,1570746683.0648804,93.0,68.38,1.72
0,lavrentiya,RU,65.58,-170.99,6.0,1570746683.383626,60.0,33.71,7.0
0,kitui,KE,-1.37,38.02,79.0,1570746683.7130036,93.0,66.69,6.33
0,kattivakkam,IN,13.22,80.32,20.0,1570746684.0477474,88.0,82.99,3.36
0,yar-sale,RU,66.83,70.83,55.0,1570746684.4439535,84.0,33.35,12.34
0,atar,MR,20.52,-13.05,30.0,1570746684.7924185,22.0,83.34,11.83
0,pando,UY,-34.72,-55.96,24.0,1570746685.128891,60.0,75.2,9.45
0,qaanaaq,GL,77.48,-69.36,82.0,1570746685.5512693,59.0,27.41,10.55
0,tuktoyaktuk,CA,69.44,-133.03,20.0,1570746685.8580048,86.0,35.6,2.24
0,santa rosa,AR,-36.62,-64.29,52.0,1570746686.3716412,67.0,66.4,7.19
0,narsaq,GL,60.91,-46.05,1.0,1570746687.499404,59.0,35.6,3.36
0,jamestown,AU,-33.21,138.6,0.0,1570746687.907294,36.0,63.66,10.28
0,nanyamba,MZ,-10.69,39.81,20.0,1570746688.2278233,94.0,75.2,5.82
0,crotone,IT,39.09,17.12,0.0,1570746688.5421202,80.0,68.14,6.55
0,agirish,RU,61.92,63.02,0.0,1570746688.8771951,79.0,31.17,5.7
0,lichuan,CN,30.3,108.94,100.0,1570746689.2977471,97.0,56.84,2.59
0,bubaque,GW,11.28,-15.83,19.0,1570746689.6057475,76.0,82.44,8.75
0,bluff,AU,-23.58,149.07,57.0,1570746690.129403,66.0,70.88,9.99
0,axim,GH,4.87,-2.24,52.0,1570746690.7002902,95.0,74.97,4.66
0,hermanus,ZA,-34.42,19.24,93.0,1570746691.2427034,87.0,55.99,1.01
0,catazaja,MX,17.73,-92.02,75.0,1570746691.5802615,70.0,89.6,2.06
0,lebu,ET,8.96,38.73,40.0,1570746692.0101178,82.0,57.2,6.93
0,iqaluit,CA,63.75,-68.52,90.0,1570746692.3220022,80.0,37.4,3.36
0,geraldton,CA,49.72,-86.95,90.0,1570746692.636978,58.0,57.2,9.17
0,ushumun,RU,52.78,126.54,79.0,1570746692.9519615,51.0,27.3,12.55
0,kirakira,SB,-10.46,161.92,42.0,1570746693.2696543,70.0,83.12,6.41
0,kefamenanu,ID,-9.45,124.48,6.0,1570746693.880904,28.0,84.02,6.38
0,xuanhua,CN,40.61,115.04,21.0,1570746694.3378806,87.0,50.99,6.78
0,gat,SN,14.69,-16.54,24.0,1570746694.6704006,88.0,84.2,5.82
0,mosjoen,NO,65.84,13.19,82.0,1570746695.0107515,83.0,37.4,6.93
0,antofagasta,CL,-23.65,-70.4,20.0,1570746695.3781652,67.0,60.8,11.41
0,jinxiang,CN,35.07,116.31,99.0,1570746695.7083533,84.0,62.78,6.6
0,port lincoln,AU,-34.72,135.86,32.0,1570746696.0218735,75.0,57.69,15.06
0,mizdah,LY,31.45,12.98,0.0,1570746696.34673,88.0,60.91,2.77
0,moose factory,CA,51.26,-80.61,1.0,1570746696.6729567,39.0,64.4,8.05
0,altagracia de orituco,VE,9.86,-66.38,100.0,1570746697.2784338,92.0,68.11,1.58
0,ormara,PK,25.21,64.64,0.0,1570746697.6002586,79.0,81.41,7.94
0,vasarosnameny,HU,48.13,22.32,41.0,1570746698.050552,81.0,53.01,6.93
0,lukulu,ZM,-14.38,23.24,83.0,1570746698.5031092,62.0,68.22,2.15
0,eirunepe,BR,-6.66,-69.87,99.0,1570746698.9301844,94.0,72.28,1.49
0,touros,BR,-5.2,-35.46,40.0,1570746699.274014,78.0,77.0,8.05
0,bambous virieux,MU,-20.34,57.76,75.0,1570746699.6033962,69.0,73.4,11.41
0,katsuura,JP,33.93,134.5,75.0,1570746700.0020912,88.0,69.8,6.93
0,fortuna,US,40.6,-124.16,1.0,1570746700.502031,34.0,72.0,11.41
0,butaritari,KI,3.07,172.79,50.0,1570746700.9097486,59.0,84.58,7.24
0,ribeira grande,PT,38.52,-28.7,38.0,1570746701.326749,79.0,64.89,14.61
0,dauriya,RU,49.93,116.85,0.0,1570746701.660259,39.0,23.23,10.82
0,mersing,MY,2.43,103.84,41.0,1570746702.0034227,71.0,82.26,3.52
0,alihe,CN,50.57,123.73,27.0,1570746702.3764951,34.0,25.65,11.43
0,carnarvon,ZA,-30.97,22.13,0.0,1570746702.723509,31.0,50.22,10.9
0,nikolskoye,RU,59.7,30.79,90.0,1570746703.0586913,93.0,45.0,2.58
0,provideniya,RU,64.42,-173.23,0.0,1570746703.3826957,59.0,33.8,1.35
0,moyale,ET,3.52,39.05,99.0,1570746703.7997825,79.0,70.75,5.78
0,salalah,OM,17.01,54.1,20.0,1570746704.2926013,78.0,78.8,3.36
0,byron bay,AU,-28.65,153.62,40.0,1570746704.797312,77.0,66.99,8.05
0,birao,CF,10.3,22.78,11.0,1570746705.2084243,71.0,74.8,1.58
0,nanortalik,GL,60.14,-45.24,0.0,1570746705.5678253,78.0,38.91,5.02
0,sioux lookout,CA,50.1,-91.92,90.0,1570746706.1659842,87.0,51.8,5.82
0,bandar,BD,22.29,91.78,100.0,1570746706.5185354,90.0,72.01,3.08
0,viedma,AR,-40.81,-62.99,99.0,1570746706.8701108,37.0,66.45,21.46
0,klaksvik,FO,62.23,-6.59,85.0,1570746707.5668347,100.0,44.6,8.05
0,ushtobe,KZ,45.25,77.98,84.0,1570746708.038148,44.0,60.48,7.52
0,new norfolk,AU,-42.78,147.06,75.0,1570746708.592954,61.0,51.01,6.93
0,kedougou,SN,12.56,-12.19,40.0,1570746709.0028775,83.0,82.4,6.93
0,mount isa,AU,-20.73,139.49,0.0,1570746709.439329,14.0,69.8,8.05
0,anadyr,RU,64.73,177.51,20.0,1570746709.7852256,86.0,26.6,4.47
0,labuhan,ID,-2.54,115.51,83.0,1570746710.122161,66.0,82.69,1.16
0,surt,LY,31.21,16.59,0.0,1570746710.464183,76.0,70.54,5.82
0,san carlos de bariloche,AR,-41.13,-71.31,20.0,1570746710.801756,54.0,55.4,25.28
0,georgetown,GY,6.8,-58.16,20.0,1570746711.206097,74.0,84.2,6.93
0,nouadhibou,MR,20.93,-17.03,94.0,1570746711.591442,44.0,80.6,17.22
0,te anau,NZ,-45.41,167.72,100.0,1570746711.9838202,93.0,41.88,8.81
0,pisco,PE,-13.71,-76.2,0.0,1570746712.4079015,30.0,71.6,9.17
0,shache,CN,38.42,77.24,4.0,1570746712.7608674,28.0,54.88,4.7
0,sitka,US,37.17,-99.65,0.0,1570746713.1309776,57.0,45.0,28.99
0,tilichiki,RU,60.47,166.1,100.0,1570746713.544176,75.0,31.71,11.75
0,puerto ayora,EC,-0.74,-90.35,30.0,1570746714.0184846,68.0,71.6,13.87
0,caborca,MX,30.58,-111.1,0.0,1570746714.6356509,28.0,87.01,4.0
0,les cayes,HT,18.19,-73.75,20.0,1570746715.1453137,72.0,83.68,8.8
0,yeniseysk,RU,58.45,92.17,0.0,1570746715.5443497,67.0,24.17,4.29
0,port hardy,CA,50.7,-127.42,75.0,1570746715.955027,70.0,48.2,6.93
0,dawson creek,CA,55.76,-120.23,1.0,1570746716.301635,45.0,44.6,2.32
0,omaruru,NA,-21.42,15.95,33.0,1570746716.6642604,48.0,62.08,4.31
0,naze,NG,5.43,7.07,75.0,1570746717.0030923,94.0,78.8,4.23
0,saskylakh,RU,71.97,114.09,99.0,1570746717.3975987,94.0,11.84,13.1
0,souillac,FR,45.6,-0.6,0.0,1570746717.768501,93.0,55.99,2.24
0,kavaratti,IN,10.57,72.64,86.0,1570746718.1218917,71.0,83.43,5.15
0,hofn,IS,64.25,-15.21,100.0,1570746718.4945574,90.0,47.61,30.2
0,yulara,AU,-25.24,130.99,0.0,1570746718.8322434,13.0,68.0,6.93
0,norman wells,CA,65.28,-126.83,75.0,1570746719.1629853,49.0,46.4,10.29
0,vrangel,RU,42.73,133.08,33.0,1570746719.7645245,87.0,56.57,10.41
0,portland,US,43.66,-70.25,40.0,1570746720.1872478,44.0,57.99,10.29
0,chuy,UY,-33.69,-53.46,3.0,1570746720.5334613,78.0,67.44,10.02
0,torbay,CA,47.66,-52.73,20.0,1570746720.9460545,86.0,45.0,2.24
0,sinnamary,GF,5.38,-52.96,57.0,1570746721.5078144,78.0,81.68,19.31
0,gold coast,AU,-28.0,153.41,90.0,1570746721.8408303,59.0,68.0,8.05
0,husavik,CA,50.56,-96.99,100.0,1570746722.1716805,97.0,35.01,5.99
0,stonewall,CA,50.13,-97.33,90.0,1570746722.5015807,97.0,35.01,24.16
0,zaigrayevo,RU,51.83,108.27,75.0,1570746722.8875687,62.0,24.8,4.47
0,marsa matruh,EG,31.35,27.25,92.0,1570746723.2407403,83.0,73.4,5.67
0,shima,JP,34.34,136.82,75.0,1570746723.5782688,69.0,73.4,6.93
0,kualakapuas,ID,-3.01,114.39,90.0,1570746724.124332,94.0,75.2,2.81
0,garowe,SO,8.41,48.48,49.0,1570746724.46069,74.0,77.16,13.23
0,touho,NC,-20.78,165.23,0.0,1570746724.7908819,35.0,86.38,1.75
0,nouakchott,MR,18.08,-15.98,24.0,1570746725.1997035,78.0,82.4,6.93
0,beringovskiy,RU,63.05,179.32,79.0,1570746725.6936333,69.0,32.92,4.58
0,sur,OM,22.57,59.53,0.0,1570746726.4135537,56.0,80.31,7.12
0,umm lajj,SA,25.02,37.27,0.0,1570746726.8189688,20.0,87.89,9.31
0,palana,RU,59.08,159.95,95.0,1570746727.2278767,85.0,38.84,5.34
0,sao filipe,CV,14.9,-24.5,62.0,1570746727.562752,82.0,78.46,9.55
0,kamenka,MD,48.03,28.7,100.0,1570746727.9635072,88.0,50.0,3.86
0,deputatskiy,RU,69.3,139.9,100.0,1570746728.499343,94.0,12.69,0.83
0,lata,IN,30.78,78.62,0.0,1570746729.0465527,56.0,27.73,1.4
0,jumla,NP,29.28,82.18,3.0,1570746729.3852217,82.0,38.75,3.97
0,dingle,PH,11.0,122.67,78.0,1570746729.7095912,81.0,79.5,4.32
0,nerja,ES,36.75,-3.88,1.0,1570746730.2879217,72.0,71.6,2.24
0,port alfred,ZA,-33.59,26.89,2.0,1570746730.6727931,83.0,54.0,3.0
0,soyo,AO,-6.13,12.37,100.0,1570746731.0105317,85.0,76.53,4.21
0,rio brilhante,BR,-21.8,-54.54,6.0,1570746731.4256704,37.0,81.7,5.3
0,jodiya,IN,22.69,70.31,6.0,1570746731.9379227,88.0,84.0,4.04
0,bethel,US,60.79,-161.76,75.0,1570746732.3499925,80.0,39.2,13.87
0,turtas,RU,58.94,69.13,100.0,1570746732.7612329,91.0,41.32,8.38
0,mildura,AU,-34.18,142.16,0.0,1570746733.17202,58.0,54.0,10.29
0,changli,CN,30.54,105.42,96.0,1570746733.4897697,87.0,61.39,3.21
0,airai,TL,-8.93,125.41,92.0,1570746733.8254275,22.0,81.05,7.9
0,micheweni,TZ,-4.97,39.83,75.0,1570746734.1383388,82.0,79.56,8.33
0,jemnice,CZ,49.02,15.57,0.0,1570746734.5095859,87.0,48.0,5.82
0,mabaruma,GY,8.2,-59.78,100.0,1570746734.8520176,98.0,72.52,2.24
0,evensk,RU,61.92,159.24,100.0,1570746735.1647413,68.0,33.67,7.21
0,kovdor,RU,67.56,30.47,85.0,1570746735.5117755,94.0,30.51,7.61
0,camohaguin,PH,13.91,122.17,23.0,1570746736.0849035,77.0,80.64,7.03
0,clyde river,CA,70.47,-68.59,75.0,1570746736.4596796,74.0,33.8,11.41
0,pandan,PH,11.72,122.09,15.0,1570746737.0637114,75.0,81.72,8.71
0,tandalti,SD,13.01,31.87,28.0,1570746737.3719814,53.0,84.65,13.99
0,teeli,RU,51.01,90.2,8.0,1570746737.7389252,81.0,32.09,1.57
0,hasaki,JP,35.73,140.83,75.0,1570746738.058763,100.0,64.4,8.05
0,porto walter,BR,-8.27,-72.74,64.0,1570746738.3658998,64.0,79.23,2.51
0,borogontsy,RU,62.67,131.17,99.0,1570746738.6916234,70.0,18.28,7.71
0,armidale,AU,-30.51,151.67,94.0,1570746739.0243764,59.0,48.99,5.01
0,san patricio,PY,-26.98,-56.83,0.0,1570746739.6852133,53.0,76.87,5.56
0,kruisfontein,ZA,-34.0,24.73,57.0,1570746740.0157068,81.0,51.08,8.7
0,los llanos de aridane,ES,28.66,-17.92,75.0,1570746740.3397346,83.0,71.6,10.29
0,kaitangata,NZ,-46.28,169.85,100.0,1570746740.896266,80.0,45.0,27.0
0,pevek,RU,69.7,170.27,13.0,1570746741.2364447,78.0,20.91,17.16
0,dikson,RU,73.51,80.55,100.0,1570746741.6676722,89.0,30.11,31.52
0,karaton,ID,-6.34,106.1,20.0,1570746742.0876293,83.0,78.8,6.93
0,nelson bay,AU,-32.72,152.14,75.0,1570746742.4880805,77.0,64.0,4.7
0,vila velha,BR,-3.71,-38.6,20.0,1570746743.0005813,74.0,80.6,12.75
0,grand gaube,MU,-20.01,57.66,75.0,1570746743.4279969,69.0,73.4,11.41
0,hargeysa,SO,9.56,44.06,21.0,1570746743.7412875,74.0,67.57,5.68
0,kahului,US,20.89,-156.47,40.0,1570746744.0597477,52.0,91.4,11.41
0,saint-denis,FR,48.94,2.36,20.0,1570746744.438441,76.0,57.0,2.24
0,michelstadt,DE,49.68,9.01,7.0,1570746744.7557707,93.0,52.0,9.17
0,papillion,US,41.15,-96.04,90.0,1570746745.0749202,93.0,42.8,13.87
0,hamilton,CA,43.26,-79.87,20.0,1570746745.456695,71.0,60.01,17.22
0,ponta do sol,BR,-20.63,-46.0,100.0,1570746745.968747,93.0,65.53,1.26
0,tigil,RU,57.8,158.67,99.0,1570746746.4795868,84.0,44.87,8.89
0,skelleftea,SE,64.75,20.95,90.0,1570746746.995085,100.0,39.2,2.24
0,abu samrah,SY,35.3,37.18,91.0,1570746747.9071522,61.0,62.71,0.77
0,tiznit,MA,29.7,-9.73,100.0,1570746748.2408931,36.0,72.97,2.35
0,salinopolis,BR,-0.61,-47.36,100.0,1570746749.0707943,78.0,81.73,21.1
0,muros,ES,42.77,-9.06,90.0,1570746749.419678,100.0,62.01,3.36
0,muroto,JP,33.37,134.14,75.0,1570746749.7589028,73.0,71.6,11.41
0,along,IN,28.17,94.8,13.0,1570746750.133151,98.0,61.83,3.19
0,severo-kurilsk,RU,50.68,156.12,2.0,1570746750.4748638,51.0,52.77,4.61
0,yerbogachen,RU,61.28,108.01,23.0,1570746750.8576279,89.0,15.8,6.21
0,lompoc,US,34.64,-120.46,1.0,1570746751.2315388,56.0,77.0,12.75
0,saint-pierre,FR,48.95,4.24,75.0,1570746751.630877,87.0,51.8,6.93
0,asosa,ET,10.07,34.53,100.0,1570746752.4193761,89.0,64.56,2.98
0,homer,US,59.64,-151.54,90.0,1570746753.9238837,70.0,48.2,9.17
0,kangaatsiaq,GL,68.31,-53.46,100.0,1570746754.262952,66.0,33.46,15.64
0,komsomolskiy,RU,67.55,63.78,96.0,1570746754.607999,96.0,28.36,11.66
0,sibolga,ID,1.74,98.78,100.0,1570746754.9495366,93.0,72.39,1.99
0,saint pete beach,US,27.73,-82.74,90.0,1570746755.3897564,70.0,84.99,12.75
0,hvittingfoss,NO,59.48,10.01,65.0,1570746755.8009274,100.0,50.0,5.82
0,matay,EG,28.42,30.79,100.0,1570746756.2107444,80.0,68.05,14.64
0,sterling,US,39.0,-77.4,1.0,1570746756.6928308,56.0,75.2,5.82
0,pochutla,MX,15.74,-96.47,75.0,1570746757.2691288,66.0,86.0,9.17
0,camocim,BR,-2.9,-40.84,63.0,1570746757.6496828,68.0,77.09,5.98
0,victoria,BN,5.28,115.24,75.0,1570746757.9765832,88.0,77.0,8.28
0,athabasca,CA,54.72,-113.29,69.0,1570746758.513697,50.0,37.0,5.54
0,bilibino,RU,68.06,166.44,97.0,1570746758.850894,71.0,15.01,2.04
0,synya,RU,65.37,58.04,97.0,1570746759.4855008,88.0,32.47,9.53
0,vilela,PT,41.66,-8.33,0.0,1570746759.9522278,93.0,64.99,3.36
0,dhemaji,IN,27.48,94.56,24.0,1570746760.4092875,92.0,69.17,2.74
0,kaseda,JP,31.42,130.32,20.0,1570746760.8179517,93.0,60.8,8.05
0,kidal,ML,18.44,1.41,0.0,1570746761.2274456,45.0,83.82,10.99
0,mehamn,NO,71.03,27.85,97.0,1570746761.5724235,87.0,35.83,7.4
0,ciudad ojeda,VE,10.22,-71.33,99.0,1570746761.9048371,64.0,84.76,2.85
0,saint-augustin,CA,45.63,-73.98,40.0,1570746762.2232873,44.0,61.0,4.7
0,kushalgarh,IN,23.2,74.45,9.0,1570746762.5979264,75.0,71.74,5.16
0,nueva concepcion,GT,14.2,-91.3,90.0,1570746763.069764,100.0,89.6,4.7
0,faanui,PF,-16.48,-151.75,100.0,1570746763.393934,78.0,76.23,14.66
0,kajaani,FI,64.22,27.73,90.0,1570746763.71154,94.0,33.8,4.7
0,cabo san lucas,MX,22.89,-109.91,20.0,1570746764.055737,38.0,93.0,8.05
0,kaifeng,CN,34.8,114.35,90.0,1570746764.3986616,100.0,60.8,8.95
0,georgiyevka,RU,52.25,40.45,100.0,1570746764.7209444,80.0,47.95,10.85
0,arman,RU,59.7,150.17,100.0,1570746765.087562,78.0,39.29,32.67
0,amiens,FR,49.89,2.3,90.0,1570746765.4264483,81.0,55.0,10.29
0,kodiak,US,39.95,-94.76,90.0,1570746765.937094,87.0,69.8,13.87
0,suba,CN,28.73,103.51,98.0,1570746766.3473234,85.0,50.79,3.27
0,santa cruz,BR,-6.22,-36.02,60.0,1570746766.7570853,79.0,72.57,9.97
0,biak,ID,-0.91,122.88,85.0,1570746767.1669085,80.0,80.13,12.81
0,cherskiy,RU,68.75,161.3,100.0,1570746767.4927545,77.0,20.05,8.1
0,westport,US,41.14,-73.36,90.0,1570746767.8592205,31.0,68.0,16.11
0,alugan,PH,12.22,125.48,100.0,1570746768.1891334,80.0,80.1,5.11
0,bathsheba,BB,13.22,-59.52,20.0,1570746768.5170603,74.0,80.6,8.05
0,suhut,TR,38.53,30.55,16.0,1570746768.8405774,55.0,54.5,3.14
0,varhaug,NO,58.61,5.65,40.0,1570746769.189618,81.0,52.0,5.82
0,sao joao da barra,BR,-21.64,-41.05,75.0,1570746769.9304292,83.0,75.2,11.41
0,lazaro cardenas,MX,28.39,-105.62,20.0,1570746770.5466838,22.0,87.8,11.41
0,la seyne-sur-mer,FR,43.1,5.88,0.0,1570746770.955866,66.0,62.6,5.82
0,comodoro rivadavia,AR,-45.87,-67.48,40.0,1570746771.4749205,61.0,50.0,10.29
0,manado,ID,1.49,124.85,20.0,1570746771.8098154,100.0,73.4,1.97
0,kostomuksha,RU,64.59,30.6,100.0,1570746772.1294067,98.0,32.65,4.85
0,buala,SB,-8.15,159.59,89.0,1570746772.4320443,69.0,84.13,6.28
0,vila do maio,CV,15.13,-23.22,75.0,1570746772.7641492,83.0,80.6,16.11
0,kodinsk,RU,58.6,99.18,0.0,1570746773.0702012,80.0,17.92,1.23
0,rio grande,BR,-32.03,-52.1,0.0,1570746773.820146,73.0,73.0,5.82
0,novaya mayna,RU,54.15,49.76,100.0,1570746774.1291656,89.0,47.25,17.16
0,liverpool,GB,53.41,-2.98,20.0,1570746774.4487436,82.0,59.0,13.87
0,puerto del rosario,ES,28.5,-13.86,75.0,1570746774.9472673,83.0,73.4,3.36
0,montepuez,MZ,-13.13,39.0,30.0,1570746775.4158604,86.0,70.32,2.92
0,bonthe,SL,7.53,-12.5,34.0,1570746775.8146038,90.0,78.17,5.86
0,cao bang,VN,22.67,106.25,17.0,1570746776.35743,96.0,71.19,1.22
0,raudeberg,NO,61.99,5.14,75.0,1570746777.118985,93.0,48.2,10.29
0,oum hadjer,TD,13.3,19.7,0.0,1570746777.445228,50.0,85.32,6.19
0,launceston,AU,-41.43,147.14,53.0,1570746777.756753,81.0,51.01,13.87
0,villanueva,HN,15.32,-87.99,75.0,1570746778.0891714,62.0,89.6,18.34
0,bikin,RU,46.82,134.25,27.0,1570746778.4070847,59.0,45.28,4.58
0,sheridan,US,39.65,-105.03,90.0,1570746778.7562747,74.0,32.0,3.36
0,kargopol,RU,61.51,38.95,100.0,1570746779.1573915,99.0,36.82,3.64
0,pinega,RU,64.7,43.39,100.0,1570746779.4626114,96.0,35.13,6.41
0,druzhba,UA,52.05,33.94,99.0,1570746779.8629868,94.0,44.69,8.54
0,the valley,AI,18.22,-63.06,20.0,1570746780.1813354,69.0,84.2,3.36
0,aguimes,ES,27.91,-15.45,40.0,1570746780.5817344,73.0,73.4,10.29
0,srednekolymsk,RU,67.46,153.71,100.0,1570746780.9904253,92.0,19.6,6.22
0,egvekinot,RU,66.32,-179.17,0.0,1570746781.4277468,86.0,18.3,0.68
0,vila,IT,45.18,8.4,16.0,1570746781.778272,100.0,57.0,3.36
0,xining,CN,36.62,101.77,100.0,1570746782.1407614,72.0,42.1,4.56
0,gornopravdinsk,RU,60.06,69.92,100.0,1570746782.4874065,93.0,40.46,8.62
0,kasulu,TZ,-4.57,30.11,75.0,1570746782.7972639,57.0,78.8,3.42
0,kununurra,AU,-15.77,128.74,100.0,1570746783.1398923,46.0,71.6,1.12
0,emerald,AU,-23.53,148.16,75.0,1570746783.4475963,68.0,71.6,12.75
0,aklavik,CA,68.22,-135.01,75.0,1570746783.8584507,74.0,39.2,4.7
0,strangnas,SE,59.38,17.03,57.0,1570746784.4712577,93.0,48.2,3.36
0,ucluelet,CA,48.94,-125.55,90.0,1570746784.985118,57.0,57.0,5.82
0,tortoli,IT,39.93,9.66,5.0,1570746785.3933268,30.0,68.0,10.29
0,nanakuli,US,21.39,-158.15,75.0,1570746785.7728615,70.0,89.6,12.75
0,alyangula,AU,-13.85,136.42,64.0,1570746786.1018124,83.0,77.0,3.36
0,xicotencatl,MX,23.02,-98.88,0.0,1570746786.4943843,48.0,95.0,5.01
0,rabaul,PG,-4.2,152.17,95.0,1570746786.8339016,72.0,82.62,4.91
0,chirongui,YT,-12.93,45.15,0.0,1570746787.2194092,83.0,78.8,3.36
0,hervey bay,AU,-25.3,152.85,40.0,1570746787.5536358,64.0,75.0,10.29
0,miraflores,PE,-16.39,-71.52,11.0,1570746787.921433,7.0,68.0,6.93
0,chalchihuites,MX,23.48,-103.88,66.0,1570746788.4624655,49.0,71.06,5.7
0,puertollano,ES,38.69,-4.11,0.0,1570746788.802892,60.0,70.0,1.12
0,pangnirtung,CA,66.15,-65.72,90.0,1570746789.1195326,100.0,33.8,10.66
0,bull savanna,JM,17.89,-77.59,68.0,1570746789.4829438,92.0,72.84,2.17
0,san ramon,NI,12.92,-85.84,75.0,1570746789.8256445,94.0,69.8,4.7
0,aqtobe,KZ,50.28,57.21,32.0,1570746790.1574452,92.0,28.4,6.71
0,alghero,IT,40.56,8.32,0.0,1570746790.7029214,87.0,55.4,1.12
0,jiayuguan,CN,39.77,98.29,82.0,1570746791.092357,28.0,54.59,11.33
0,mackay,CA,53.65,-115.58,20.0,1570746791.4346533,33.0,44.6,10.29
0,la ronge,CA,55.1,-105.3,75.0,1570746792.355867,35.0,41.0,8.05
0,maldonado,UY,-34.91,-54.96,75.0,1570746792.7646964,73.0,73.4,10.89
0,tommot,RU,58.97,126.27,100.0,1570746793.0884755,90.0,16.72,8.96
0,saint-philippe,CA,45.36,-73.48,1.0,1570746793.5831072,58.0,61.0,13.87
0,honiara,SB,-9.43,159.96,20.0,1570746793.9133668,70.0,86.0,6.93
0,cobija,BR,-11.02,-68.77,75.0,1570746794.2296126,65.0,82.4,6.93
0,lagoa,PT,37.14,-8.45,0.0,1570746794.587419,73.0,71.6,5.82
0,roanoke,US,37.27,-79.94,1.0,1570746794.9196737,38.0,73.4,6.93
0,hami,CN,42.84,93.51,0.0,1570746795.2752247,27.0,55.33,9.96
0,caravelas,BR,-17.73,-39.27,0.0,1570746795.6633062,92.0,70.07,5.35
0,preobrazheniye,RU,42.9,133.91,15.0,1570746796.0440223,72.0,59.22,3.61
0,benguela,AO,-12.58,13.4,37.0,1570746796.4535706,84.0,72.97,4.55
0,seoul,KR,37.57,126.98,1.0,1570746796.8617816,100.0,57.2,2.24
0,okato,NZ,-39.19,173.88,73.0,1570746797.170708,87.0,61.0,4.0
0,camacupa,AO,-12.02,17.48,28.0,1570746797.520336,93.0,63.03,3.11
0,kavieng,PG,-2.57,150.8,72.0,1570746797.863782,67.0,85.05,7.45
0,ikalamavony,MG,-21.17,46.6,26.0,1570746798.225269,68.0,68.04,4.65
0,longyearbyen,NO,78.22,15.63,20.0,1570746798.5554247,73.0,24.8,4.7
0,coahuayana,MX,18.62,-100.35,45.0,1570746798.864384,83.0,77.95,1.55
0,arys,KZ,42.43,68.8,44.0,1570746799.1895366,45.0,56.55,6.99
0,santiago del estero,AR,-27.8,-64.26,1.0,1570746799.8314867,26.0,89.44,13.43
0,navalmoral de la mata,ES,39.89,-5.54,0.0,1570746800.240774,70.0,66.0,1.99
0,tiksi,RU,71.64,128.87,96.0,1570746800.670503,93.0,16.18,3.64
0,orotukan,RU,62.26,151.67,100.0,1570746801.056429,95.0,18.32,3.14
0,karlstad,SE,59.38,13.5,64.0,1570746801.4695737,100.0,48.2,6.93
0,padang,ID,-0.92,100.36,85.0,1570746801.7776325,90.0,67.69,2.68
0,barreirinhas,BR,-2.75,-42.83,50.0,1570746802.1210077,78.0,77.52,8.65
0,boma,GH,7.08,-2.17,68.0,1570746802.6669593,99.0,70.57,2.36
0,ilulissat,GL,69.22,-51.1,20.0,1570746802.9834712,49.0,26.6,28.86
0,lashio,MM,22.93,97.75,87.0,1570746803.3677814,97.0,64.96,0.63
0,alofi,NU,-19.06,-169.92,7.0,1570746803.689747,69.0,82.4,13.87
0,lima,PE,-12.06,-77.04,90.0,1570746804.2161121,77.0,62.6,9.17
0,vostok,RU,46.45,135.83,92.0,1570746804.5524414,75.0,44.73,3.97
0,wewak,PG,-3.55,143.63,93.0,1570746804.9213176,66.0,83.66,2.75
0,harper,US,30.3,-99.24,1.0,1570746805.2497325,36.0,95.0,9.17
0,buta,CD,2.79,24.73,100.0,1570746805.7807944,99.0,69.28,5.21
0,fort wellington,GY,6.4,-57.6,95.0,1570746806.0928862,78.0,82.26,15.86
0,oranjemund,ZA,-28.55,16.43,0.0,1570746806.3934457,45.0,57.87,3.38
0,port moresby,PG,-9.47,147.16,90.0,1570746806.7013457,94.0,77.0,11.41
0,codrington,AU,-28.95,153.24,75.0,1570746807.0404754,67.0,64.4,4.7
0,kailua,US,21.39,-157.74,75.0,1570746807.6560228,74.0,89.6,12.75
0,coquimbo,CL,-29.95,-71.34,75.0,1570746808.0262032,76.0,57.2,4.7
0,madimba,CM,4.42,9.93,100.0,1570746808.374425,98.0,73.42,1.06
0,barhi,IN,24.31,85.42,20.0,1570746808.7105913,94.0,77.0,1.75
0,peniche,PT,39.36,-9.38,0.0,1570746809.0298722,100.0,62.01,12.03
0,radeberg,DE,51.12,13.92,10.0,1570746809.4578738,71.0,52.0,10.29
0,port macquarie,AU,-31.43,152.91,90.0,1570746810.7904243,71.0,62.01,6.93
0,tombouctou,ML,16.77,-3.01,40.0,1570746811.201239,31.0,94.33,12.46
0,ajdabiya,LY,30.75,20.22,0.0,1570746811.5362995,61.0,72.73,5.16
0,alekseyevka,RU,53.25,50.49,90.0,1570746811.8465223,87.0,45.95,11.64
0,grootfontein,NA,-19.56,18.1,88.0,1570746812.2925532,46.0,66.11,7.91
0,djenne,ML,13.91,-4.55,73.0,1570746812.6271114,37.0,91.4,8.86
0,chokurdakh,RU,70.62,147.9,98.0,1570746813.21288,94.0,13.75,5.3
0,yaan,NG,7.38,8.57,76.0,1570746813.6561406,91.0,74.79,2.92
0,marzuq,YE,14.4,46.47,1.0,1570746814.168107,56.0,72.07,1.72
0,kokopo,PG,-4.34,152.27,76.0,1570746814.5789928,78.0,82.26,12.9
0,yueyang,CN,29.36,113.12,100.0,1570746814.9884944,76.0,66.2,8.76
0,hovd,NO,63.83,10.7,0.0,1570746815.4605484,94.0,43.0,5.82
0,baykit,RU,61.68,96.39,0.0,1570746816.0052073,71.0,19.26,1.04
0,pacasmayo,PE,-7.4,-79.57,48.0,1570746816.3182876,83.0,61.61,13.25
0,maniitsoq,GL,65.42,-52.9,70.0,1570746816.6554644,59.0,35.42,11.73
0,rawson,AR,-43.3,-65.11,100.0,1570746816.9917161,70.0,54.43,1.49
0,port-cartier,CA,50.03,-66.88,20.0,1570746817.3239174,75.0,46.0,1.79
0,najran,SA,17.54,44.22,52.0,1570746817.8538492,37.0,71.6,2.28
0,ponca city,US,36.73,-97.07,90.0,1570746818.348594,71.0,52.0,20.8
0,mayo,CA,63.59,-135.9,75.0,1570746818.6734369,64.0,39.2,9.17
0,samoded,RU,63.61,40.52,100.0,1570746818.9867094,98.0,33.1,4.53
0,calbuco,CL,-41.77,-73.13,90.0,1570746819.373297,82.0,55.4,5.82
0,kumbhraj,IN,24.44,77.0,0.0,1570746819.688858,69.0,69.71,2.63
0,puro,PH,13.13,123.76,98.0,1570746820.0161743,79.0,80.01,5.94
0,gravdal,NO,59.79,5.78,84.0,1570746820.3275113,71.0,51.8,14.99
0,zugdidi,GE,42.51,41.88,40.0,1570746820.6432436,93.0,62.6,3.36
0,macusani,PE,-14.07,-70.43,0.0,1570746821.0995648,85.0,35.24,1.7
0,black river,JM,18.03,-77.85,40.0,1570746821.420347,70.0,87.8,12.75
0,kaohsiung,TW,22.62,120.31,75.0,1570746821.79241,78.0,79.0,5.82
0,erenhot,CN,43.65,111.97,0.0,1570746822.104256,32.0,44.37,14.34
0,berlevag,NO,70.86,29.09,100.0,1570746822.4777925,78.0,40.05,9.93
0,meulaboh,ID,4.14,96.13,100.0,1570746822.8181083,83.0,79.45,7.29
0,guerrero negro,MX,27.97,-114.04,0.0,1570746823.1411388,70.0,69.01,15.16
0,esmeraldas,BR,-19.76,-44.31,75.0,1570746823.5175831,56.0,77.0,12.75
0,colac,AU,-38.34,143.59,39.0,1570746823.8386984,99.0,55.0,1.01
0,yumen,CN,40.29,97.04,12.0,1570746824.1857681,34.0,48.69,5.16
0,karpogory,RU,64.0,44.44,100.0,1570746824.5383499,93.0,36.1,7.17
0,panaba,MX,21.28,-88.27,53.0,1570746824.8889136,78.0,81.77,8.74
0,strezhevoy,RU,60.73,77.6,100.0,1570746825.2164621,70.0,35.6,11.14
0,tessalit,ML,20.2,1.01,16.0,1570746825.5352414,36.0,85.91,15.22
0,lalmohan,BD,22.34,90.74,18.0,1570746826.087673,90.0,75.78,3.89
0,landsberg,DE,51.53,12.16,71.0,1570746826.45568,81.0,52.0,14.99
0,port-gentil,GA,-0.72,8.78,75.0,1570746826.8002934,94.0,77.0,13.87
0,talnakh,RU,69.49,88.39,100.0,1570746827.1731656,61.0,17.65,13.83
0,artyom,RU,43.36,132.19,40.0,1570746827.4926834,100.0,51.8,4.47
0,kysyl-syr,RU,63.9,122.77,95.0,1570746827.7964725,88.0,15.6,9.36
0,zhigansk,RU,66.77,123.37,39.0,1570746828.1577234,91.0,18.18,23.37
0,gandajika,CD,-6.75,23.95,95.0,1570746828.6975698,84.0,70.2,2.85
0,sarakhs,TM,36.54,61.16,3.0,1570746829.0345943,60.0,68.0,4.7
0,kudahuvadhoo,MV,2.67,72.89,100.0,1570746829.3763962,72.0,81.27,2.28
0,birin,NP,26.89,88.07,0.0,1570746829.7117436,93.0,51.94,2.74
0,alta floresta,BR,-9.87,-56.08,95.0,1570746830.0404892,76.0,77.45,5.39
0,namatanai,PG,-3.66,152.44,94.0,1570746830.3785777,68.0,85.12,7.23
0,dubasari,MD,47.26,29.16,100.0,1570746830.9335501,87.0,57.2,4.7
0,presidente medici,BR,-11.18,-61.9,99.0,1570746831.2653327,91.0,74.71,4.35
0,tocopilla,CL,-22.09,-70.2,0.0,1570746831.7808077,21.0,52.45,1.31
0,horsham,AU,-36.71,142.2,6.0,1570746832.293297,55.0,57.45,7.9
0,daragutan,PH,17.0,122.03,76.0,1570746832.6214917,92.0,72.1,2.25
0,erie,US,42.13,-80.09,1.0,1570746833.011259,59.0,66.2,11.41
0,isiro,CD,2.77,27.62,100.0,1570746833.4168189,99.0,64.69,1.95
0,huizhou,CN,23.11,114.41,0.0,1570746833.7485805,78.0,78.6,1.16
0,shahrud,IR,36.42,54.97,0.0,1570746834.0941455,84.0,47.88,2.25
0,sungaipenuh,ID,-2.08,101.38,89.0,1570746834.4110575,94.0,62.55,1.45
0,ustupo,PA,9.13,-77.93,100.0,1570746834.7280395,95.0,74.84,0.68
0,constitucion,MX,23.99,-104.67,40.0,1570746835.044605,24.0,78.8,4.7
0,mattru,SL,7.62,-11.83,72.0,1570746835.368551,93.0,75.11,2.99
0,khasan,RU,42.43,130.64,39.0,1570746835.7036777,60.0,58.53,10.68
0,moldava nad bodvou,SK,48.61,21.0,2.0,1570746836.0521972,93.0,46.0,4.7
0,ikere,NG,7.49,5.23,85.0,1570746836.3932958,99.0,69.84,2.4
0,churapcha,RU,62.0,132.43,100.0,1570746836.8000712,92.0,19.44,9.74
0,sechura,PE,-5.56,-80.82,52.0,1570746837.111022,84.0,62.91,11.9
0,clonakilty,IE,51.62,-8.87,75.0,1570746837.57001,93.0,55.99,21.92
0,tomatlan,MX,19.93,-105.25,100.0,1570746837.8984704,96.0,76.84,3.49
0,iquique,CL,-20.22,-70.14,90.0,1570746838.202293,72.0,62.6,6.93
0,ostersund,SE,63.18,14.64,34.0,1570746838.5378563,100.0,35.6,3.36
0,montclair,US,40.83,-74.21,75.0,1570746838.9509037,32.0,69.8,10.29
0,ipixuna,BR,-1.76,-48.8,40.0,1570746839.6009262,66.0,84.2,8.05
0,bandarbeyla,SO,9.49,50.81,1.0,1570746839.9366,89.0,78.89,7.53
0,upata,VE,8.02,-62.41,100.0,1570746840.2532363,93.0,75.0,2.29
0,yarada,IN,17.65,83.27,75.0,1570746840.5832832,94.0,77.0,2.24
0,natal,BR,-5.81,-35.21,40.0,1570746840.935983,78.0,80.6,8.05
0,carutapera,BR,-1.2,-46.02,84.0,1570746841.2596836,78.0,80.51,17.4
0,dagana,MR,16.52,-15.51,0.0,1570746841.6221414,62.0,87.8,14.12
0,bastos,BR,-21.92,-50.73,39.0,1570746842.1264942,63.0,77.54,11.76
0,scarborough,GB,54.28,-0.41,87.0,1570746842.6338885,93.0,59.0,20.8
0,merauke,ID,-8.49,140.4,100.0,1570746843.0454073,57.0,85.55,5.17
0,nizhniy odes,RU,63.64,54.86,98.0,1570746843.4710302,95.0,32.31,8.0
0,zlobin,HR,45.29,14.65,94.0,1570746843.7930768,63.0,63.0,10.29
0,boca do acre,BR,-8.76,-67.39,72.0,1570746844.1456149,94.0,70.47,3.38
0,mount gambier,AU,-37.83,140.78,1.0,1570746844.4977202,93.0,50.0,6.93
0,tandil,AR,-37.33,-59.14,100.0,1570746844.9882915,93.0,64.27,7.37
0,lorengau,PG,-2.02,147.27,100.0,1570746845.3451624,70.0,83.14,4.47
0,mandalgovi,MN,45.76,106.27,100.0,1570746845.8110838,94.0,26.17,11.8
0,misratah,LY,32.38,15.09,0.0,1570746846.114911,71.0,75.27,10.03
0,vieux-habitants,GP,16.06,-61.77,4.0,1570746846.4236352,74.0,82.4,4.7
0,roald,NO,62.58,6.12,96.0,1570746846.7389643,87.0,48.2,12.75
0,williston,US,48.15,-103.62,100.0,1570746847.140832,63.0,32.0,18.34
0,oussouye,SN,12.49,-16.54,40.0,1570746847.4892654,83.0,82.4,4.7
0,quthing,LS,-30.4,27.7,33.0,1570746847.811077,61.0,47.5,3.24
0,awjilah,LY,29.14,21.3,48.0,1570746848.1512842,48.0,73.53,7.28
0,san jeronimo,PE,-13.65,-73.37,1.0,1570746848.7064655,84.0,51.75,5.0
0,constanza,DO,18.91,-70.74,20.0,1570746849.0430253,52.0,87.8,6.93
0,kapit,MY,2.02,112.94,100.0,1570746849.3560479,95.0,74.26,0.35
0,karratha,AU,-20.74,116.85,0.0,1570746849.8040771,49.0,80.98,10.83
0,olinda,AU,-37.84,145.39,90.0,1570746850.116409,76.0,55.99,4.7
0,laguna,BZ,16.17,-88.94,40.0,1570746850.5207925,70.0,89.6,9.17
0,victoria point,AU,-27.58,153.3,40.0,1570746850.8643138,63.0,68.0,6.93
0,nosy varika,MG,-20.58,48.53,25.0,1570746851.5460565,93.0,68.5,3.59
0,broken hill,AU,-31.97,141.45,75.0,1570746852.0825312,33.0,59.0,8.05
0,beziers,FR,43.35,3.22,0.0,1570746852.5183392,76.0,60.8,4.7
0,turkan,AF,35.6,68.92,79.0,1570746852.8581414,67.0,37.85,2.43
0,prado,CO,3.75,-74.93,54.0,1570746853.1761744,68.0,74.98,3.17
0,pristen,RU,51.24,36.69,100.0,1570746853.5920076,87.0,48.4,6.79
0,nuuk,GL,64.17,-51.74,20.0,1570746853.8997724,61.0,32.0,6.93
0,mayakonda,IN,14.29,76.08,100.0,1570746854.2233331,94.0,69.8,5.2
0,iguape,BR,-24.7,-47.56,8.0,1570746854.6175323,98.0,64.31,1.3
0,barcelos,BR,-0.97,-62.93,64.0,1570746855.0167558,76.0,78.94,2.1
0,staicele,LV,57.83,24.75,89.0,1570746855.3327765,97.0,46.0,3.0
0,imbituba,BR,-28.24,-48.67,0.0,1570746855.651525,68.0,71.6,13.87
0,grindavik,IS,63.84,-22.43,75.0,1570746855.965978,81.0,42.8,17.22
0,apiai,BR,-24.51,-48.84,4.0,1570746856.305849,99.0,60.73,2.96
0,brae,GB,60.4,-1.35,26.0,1570746856.6340618,87.0,48.2,8.05
0,sarh,TD,9.14,18.39,87.0,1570746856.95845,94.0,78.8,3.06
0,kemi,FI,65.74,24.56,90.0,1570746857.2885993,92.0,32.0,3.36
0,san borja,BO,-14.86,-66.75,0.0,1570746857.887569,47.0,79.75,1.63
0,parrita,CR,9.52,-84.33,75.0,1570746858.1957264,88.0,71.6,4.7
0,nardaran,AZ,40.56,50.01,90.0,1570746858.5266368,77.0,66.2,13.87
0,santa isabel do rio negro,BR,-0.41,-65.02,78.0,1570746858.843092,92.0,75.56,2.1
0,san cristobal,HN,14.68,-86.92,96.0,1570746859.1920738,92.0,68.56,8.92
0,mundo novo,BR,-23.94,-54.29,0.0,1570746859.5120425,47.0,74.66,4.41
0,mecca,SA,21.43,39.83,3.0,1570746859.8394492,48.0,83.16,2.16
0,nagram,IN,26.62,81.14,0.0,1570746860.174098,94.0,73.4,2.43
0,machiques,VE,10.06,-72.55,86.0,1570746860.7219152,85.0,78.15,2.97
0,hisar,IN,29.16,75.73,0.0,1570746861.0309978,43.0,76.78,5.37
0,nagapattinam,IN,10.76,79.84,92.0,1570746861.352181,74.0,82.94,5.33
0,mao,DO,19.55,-71.08,20.0,1570746861.6865554,52.0,87.8,6.93
0,bolnisi,GE,41.45,44.54,90.0,1570746862.0266838,82.0,60.8,3.36
0,kedrovyy,RU,56.17,91.82,0.0,1570746862.610813,59.0,22.78,9.02
0,galesong,ID,-5.32,119.37,20.0,1570746863.0956867,88.0,71.6,4.7
0,sulangan,PH,11.14,123.72,83.0,1570746863.4825222,71.0,82.85,6.65
0,amarwara,IN,22.3,79.17,1.0,1570746863.83308,80.0,65.5,2.32
0,kunashak,RU,55.7,61.55,0.0,1570746864.2430274,85.0,30.0,1.01
0,bauchi,NG,10.31,9.85,0.0,1570746864.6642094,82.0,72.72,2.25
0,port hedland,AU,-20.31,118.58,21.0,1570746865.0622113,82.0,66.2,8.69
0,sinaloa,MX,32.55,-115.28,5.0,1570746865.3944008,3.0,84.2,19.46
0,kolokani,ML,13.58,-8.03,86.0,1570746865.7360864,31.0,76.3,8.79
0,makat,KZ,47.65,53.35,0.0,1570746866.1055865,49.0,46.29,8.35
0,srivardhan,IN,18.03,73.02,100.0,1570746866.4079955,81.0,77.94,4.56
0,mareeba,AU,-16.99,145.42,75.0,1570746866.7424428,69.0,80.01,5.82
0,cururupu,BR,-1.82,-44.87,100.0,1570746867.0454805,86.0,73.58,3.23
0,middelburg,NL,51.5,3.61,100.0,1570746867.4895728,76.0,57.99,23.04
0,caluquembe,AO,-13.78,14.68,100.0,1570746868.038502,84.0,63.82,0.84
0,pasighat,IN,28.06,95.33,32.0,1570746868.6030383,94.0,68.36,1.65
0,ariogala,LT,55.26,23.48,35.0,1570746868.95445,87.0,50.0,11.41
0,bud,NO,62.91,6.91,100.0,1570746869.510071,87.0,48.2,4.7
0,pogranichnyy,RU,44.41,131.38,78.0,1570746869.865693,64.0,51.94,6.7
0,itoman,JP,26.12,127.67,20.0,1570746870.1886091,65.0,77.0,23.04
0,okha,RU,53.59,142.95,67.0,1570746870.5038867,64.0,45.73,9.45
0,namie,JP,37.52,140.86,75.0,1570746870.8093367,100.0,60.8,5.82
0,dubai,AE,25.27,55.3,0.0,1570746871.2174413,45.0,86.0,4.7
0,leningradskiy,RU,69.38,178.42,0.0,1570746871.5356717,65.0,21.97,6.64
0,sorland,NO,67.67,12.69,74.0,1570746871.8708844,64.0,44.56,11.85
0,clovis,US,36.83,-119.7,1.0,1570746872.192494,17.0,79.0,3.36
0,szczecinek,PL,53.71,16.69,28.0,1570746872.5279453,91.0,48.99,1.01
0,aras,ES,42.56,-2.36,0.0,1570746872.8398614,81.0,54.0,1.12
0,maues,BR,-3.38,-57.72,57.0,1570746873.162066,69.0,79.29,2.13
0,porgera,PG,-5.46,143.15,68.0,1570746873.9801676,90.0,59.49,2.48
0,zhangjiakou,CN,40.77,114.88,16.0,1570746874.3810065,83.0,47.37,3.81
0,santos dumont,BR,-21.46,-43.55,75.0,1570746874.7903647,93.0,62.6,3.36
0,bolobo,CD,-2.17,16.23,17.0,1570746875.11349,85.0,73.38,2.69
0,filadelfia,PY,-22.35,-60.04,0.0,1570746875.499501,39.0,86.41,10.74
0,peterborough,CA,44.3,-78.32,1.0,1570746875.8222299,39.0,64.4,5.82
0,college,US,64.86,-147.8,90.0,1570746876.1472385,93.0,39.2,2.7
0,port blair,IN,11.67,92.75,83.0,1570746876.521082,68.0,82.6,0.42
0,khangah dogran,PK,31.83,73.62,0.0,1570746876.856872,35.0,72.97,3.98
0,thinadhoo,MV,0.53,72.93,100.0,1570746877.223063,80.0,81.54,12.2
0,broome,GB,52.47,1.45,100.0,1570746877.5756986,93.0,60.01,11.41
0,morondava,MG,-20.3,44.28,0.0,1570746877.9064858,61.0,75.6,3.41
0,nome,US,30.04,-94.42,1.0,1570746878.2274685,55.0,88.0,9.17
0,grand island,US,40.92,-98.34,90.0,1570746878.5823977,86.0,37.4,21.92
0,rorvik,NO,64.86,11.24,0.0,1570746878.914998,95.0,35.01,5.12
0,zaraza,VE,9.35,-65.33,100.0,1570746879.2521973,97.0,71.96,3.41
0,maralal,KE,1.1,36.7,81.0,1570746880.132321,81.0,62.92,8.08
0,avera,US,33.19,-82.53,1.0,1570746880.5271304,41.0,80.6,6.93
0,half moon bay,US,37.46,-122.43,75.0,1570746881.0511076,40.0,79.0,5.82
0,shakawe,BW,-18.36,21.84,99.0,1570746881.665098,66.0,68.56,3.15
0,borovichi,RU,58.39,33.91,100.0,1570746881.9711854,99.0,43.05,4.21
